StoreKey,GeographyKey,StoreManager,StoreType,StoreName,Status,OpenDate,CloseDate,EntityKey,StorePhone,StoreFax,CloseReason,EmployeeCount,SellingAreaSize,LastRemodelDate,EmployeeKey
1,693,35,Store,Contoso Seattle No.1 Store,On,2004-04-12,2090-12-31,635,320-555-0195,320-555-0195,Not Yet Closed,17,462,2009-06-16 00:00:00,35
2,693,35,Store,Contoso Seattle No.2 Store,On,2004-02-14,2090-12-31,636,150-555-0189,150-555-0189,Not Yet Closed,25,700,2009-06-17 00:00:00,35
3,856,36,Store,Contoso Kennewick Store,On,2004-02-12,2090-12-31,934,212-555-0187,212-555-0187,Not Yet Closed,26,680,2009-06-18 00:00:00,36
4,424,37,Store,Contoso Bellevue Store,On,2004-03-01,2090-12-31,638,612-555-0100,612-555-0100,Not Yet Closed,19,455,2009-06-16 00:00:00,37
5,677,38,Store,Contoso Redmond Store,On,2004-04-02,2090-12-31,639,612-555-0100,612-555-0100,Not Yet Closed,33,560,2009-06-17 00:00:00,38
6,575,39,Store,Contoso Yakima Store,On,2005-05-15,2090-12-31,640,168-555-0183,168-555-0183,Not Yet Closed,47,1125,2009-06-16 00:00:00,39
7,838,40,Store,Contoso Granger Store,On,2004-06-16,2090-12-31,641,913-555-0172,913-555-0172,Not Yet Closed,22,500,2009-06-17 00:00:00,40
8,935,41,Store,Contoso Sunnyside Store,On,2004-07-02,2090-12-31,642,913-555-0172,913-555-0172,Not Yet Closed,17,460,2009-06-18 00:00:00,41
9,941,42,Store,Contoso Toppenish Store,On,2004-08-18,2090-12-31,643,903-555-0145,903-555-0145,Not Yet Closed,25,700,2009-06-16 00:00:00,42
10,947,43,Store,Contoso Wapato Store,On,2004-09-19,2090-12-31,644,145-555-0130,145-555-0130,Not Yet Closed,25,700,2009-06-17 00:00:00,43
11,813,44,Store,Contoso Cle Elum Store,On,2004-10-20,2090-12-31,645,849-555-0139,849-555-0139,Not Yet Closed,26,680,2009-06-16 00:00:00,44
12,893,45,Store,Contoso North Bend Store,Off,2004-11-21,2009-04-12,646,206-555-0180,206-555-0180,Relocation,19,455,2009-06-17 00:00:00,45
13,930,46,Store,Contoso Snoqualmie Store,On,2004-12-22,2090-12-31,647,122-555-0189,122-555-0189,Not Yet Closed,33,560,2009-06-18 00:00:00,46
14,825,47,Store,Contoso Fall City Store,On,2006-01-23,2090-12-31,648,819-555-0175,819-555-0175,Not Yet Closed,47,1125,2009-06-16 00:00:00,47
15,678,48,Store,Contoso Renton Store,On,2004-02-24,2090-12-31,649,424-555-0189,424-555-0189,Not Yet Closed,22,500,2009-06-17 00:00:00,48
16,627,49,Store,Contoso Everett Store,On,2004-01-25,2090-12-31,650,508-555-0165,508-555-0165,Not Yet Closed,17,462,2009-06-16 00:00:00,49
17,551,135,Store,Contoso Spokane Store,On,2004-03-26,2090-12-31,651,984-555-0185,984-555-0185,Not Yet Closed,25,700,2009-06-17 00:00:00,135
18,944,50,Store,Contoso Veradale Store,On,2004-07-27,2090-12-31,652,632-555-0129,632-555-0129,Not Yet Closed,26,680,2009-06-18 00:00:00,50
19,812,51,Store,Contoso Cheney Store,Off,2004-08-28,2009-05-12,653,328-555-0150,328-555-0150,Store,19,455,2009-06-16 00:00:00,51
20,824,52,Store,Contoso Englewood Store,On,2004-09-29,2090-12-31,654,435-555-0113,435-555-0113,Not Yet Closed,33,560,2009-06-17 00:00:00,52
21,950,66,Store,Contoso Wheat Ridge Store,On,2004-11-02,2090-12-31,655,202-555-0151,202-555-0151,Not Yet Closed,47,1125,2009-06-16 00:00:00,66
22,571,54,Store,Contoso Westminster Store,On,2004-12-03,2090-12-31,656,925-555-0114,925-555-0114,Not Yet Closed,22,500,2009-06-17 00:00:00,54
23,836,55,Store,Contoso Grand Junction Store,On,2004-01-24,2090-12-31,657,913-555-0196,913-555-0196,Not Yet Closed,17,460,2009-06-18 00:00:00,55
24,887,56,Store,Contoso New Castle Store,On,2004-02-15,2090-12-31,658,413-555-0136,413-555-0136,Not Yet Closed,25,700,2009-06-16 00:00:00,56
25,839,57,Store,Contoso Greeley  No.1 Store,On,2004-03-16,2090-12-31,659,332-555-0150,332-555-0150,Not Yet Closed,25,700,2009-06-17 00:00:00,57
26,867,58,Store,Contoso Loveland Store,On,2004-04-17,2090-12-31,660,166-555-0162,166-555-0162,Not Yet Closed,26,680,2009-06-16 00:00:00,58
27,859,59,Store,Contoso Lafayette Store,On,2004-05-18,2090-12-31,661,113-555-0173,113-555-0173,Not Yet Closed,19,455,2009-06-17 00:00:00,59
28,809,60,Store,Contoso Castle Rock Store,On,2004-06-19,2090-12-31,662,115-555-0179,115-555-0179,Not Yet Closed,33,560,2009-06-18 00:00:00,60
29,927,61,Store,Contoso Sedalia Store,Off,2004-07-20,2009-07-12,663,147-555-0160,147-555-0160,Relocation,47,1125,2009-06-16 00:00:00,61
30,829,62,Store,Contoso Fort Collins Store,On,2004-08-21,2090-12-31,664,656-555-0119,656-555-0119,Not Yet Closed,22,500,2009-06-17 00:00:00,62
31,839,57,Store,Contoso Greeley No.2 Store,On,2004-09-22,2090-12-31,665,138-555-0128,138-555-0128,Not Yet Closed,17,462,2009-06-16 00:00:00,57
32,877,63,Store,Contoso Milliken Store,On,2004-10-23,2090-12-31,666,523-555-0175,523-555-0175,Not Yet Closed,25,700,2009-06-17 00:00:00,63
33,799,64,Store,Contoso Berthoud Store,On,2004-11-24,2090-12-31,667,668-555-0130,668-555-0130,Not Yet Closed,26,680,2009-06-18 00:00:00,64
34,818,65,Store,Contoso Denver No.1 Store,On,2004-12-02,2090-12-31,668,609-555-0179,609-555-0179,Not Yet Closed,26,680,2009-06-16 00:00:00,65
35,818,65,Store,Contoso Denver No.2 Store,On,2004-10-03,2090-12-31,669,952-555-0178,952-555-0178,Not Yet Closed,19,455,2009-06-17 00:00:00,65
36,818,65,Store,Contoso Denver No.3 Store,On,2003-06-27,2090-12-31,670,943-555-0196,943-555-0196,Not Yet Closed,33,560,2009-06-16 00:00:00,65
37,803,66,Store,Contoso Boulder Store,On,2003-03-28,2090-12-31,671,937-555-0137,937-555-0137,Not Yet Closed,47,1125,2009-06-17 00:00:00,66
38,940,67,Store,Contoso Thornton Store,On,2003-04-29,2090-12-31,672,333-555-0173,333-555-0173,Not Yet Closed,22,500,2009-06-18 00:00:00,67
39,865,68,Store,Contoso Littleton Store,On,2003-05-30,2090-12-31,673,963-555-0134,963-555-0134,Not Yet Closed,17,462,2009-06-16 00:00:00,68
40,790,69,Store,Contoso Aurora Store,On,2003-06-11,2090-12-31,674,794-555-0159,794-555-0159,Not Yet Closed,25,700,2009-06-17 00:00:00,69
41,904,70,Store,Contoso Parker Store,On,2004-07-02,2090-12-31,675,218-555-0126,218-555-0126,Not Yet Closed,26,680,2009-06-16 00:00:00,70
42,840,71,Store,Contoso Green Bay Store,On,2003-08-03,2090-12-31,676,286-555-0189,286-555-0189,Not Yet Closed,19,455,2009-06-17 00:00:00,71
43,786,72,Store,Contoso Appleton Store,On,2003-09-04,2090-12-31,677,164-555-0164,164-555-0164,Not Yet Closed,33,560,2009-06-18 00:00:00,72
44,874,73,Store,Contoso Menasha Store,On,2003-10-05,2090-12-31,678,685-555-0120,685-555-0120,Not Yet Closed,47,1125,2009-06-16 00:00:00,73
45,901,74,Store,Contoso Oshkosh Store,On,2007-11-06,2090-12-31,679,786-555-0144,786-555-0144,Not Yet Closed,22,500,2009-06-17 00:00:00,74
46,827,136,Store,Contoso Fond du Lac Store,On,2007-12-07,2090-12-31,680,992-555-0194,992-555-0194,Not Yet Closed,17,460,2009-06-16 00:00:00,136
47,878,75,Store,Contoso Milwaukee No.1 Store,On,2004-01-18,2090-12-31,681,818-555-0192,818-555-0192,Not Yet Closed,25,700,2009-06-17 00:00:00,75
48,878,75,Store,Contoso Milwaukee No.2 Store,Off,2004-02-09,2009-05-12,682,399-555-0176,399-555-0176,Relocation,25,700,2009-06-18 00:00:00,75
49,878,75,Store,Contoso Milwaukee No.3 Store,On,2004-04-02,2090-12-31,683,778-555-0141,778-555-0141,Not Yet Closed,26,680,2009-06-16 00:00:00,75
50,949,76,Store,Contoso Waukesha No.1 Store,On,2004-04-19,2090-12-31,684,299-555-0113,299-555-0113,Not Yet Closed,19,455,2009-06-17 00:00:00,76
51,918,87,Store,Contoso Racine No.1 Store,On,2004-05-15,2090-12-31,685,846-555-0157,846-555-0157,Not Yet Closed,33,560,2009-06-16 00:00:00,87
52,806,137,Store,Contoso Burlington Store,On,2004-06-17,2090-12-31,686,639-555-0164,639-555-0164,Not Yet Closed,47,1125,2009-06-17 00:00:00,137
53,821,138,Store,Contoso East Troy Store,On,2004-08-18,2090-12-31,687,191-555-0112,191-555-0112,Not Yet Closed,22,500,2009-06-18 00:00:00,138
54,949,76,Store,Contoso Waukesha No.2 Store,On,2004-08-20,2090-12-31,688,669-555-0150,669-555-0150,Not Yet Closed,17,462,2009-06-16 00:00:00,76
55,835,77,Store,Contoso Germantown Store,On,2004-09-02,2090-12-31,689,712-555-0119,712-555-0119,Not Yet Closed,25,700,2009-06-17 00:00:00,77
57,913,79,Store,Contoso Port Washington Store,On,2004-11-25,2090-12-31,691,910-555-0116,910-555-0116,Not Yet Closed,26,680,2009-06-17 00:00:00,79
58,928,80,Store,Contoso Sheboygan Store,On,2004-12-26,2090-12-31,692,319-555-0139,319-555-0139,Not Yet Closed,19,455,2009-06-18 00:00:00,80
59,871,81,Store,Contoso Manitowoc Store,On,2004-04-27,2090-12-31,693,714-555-0138,714-555-0138,Not Yet Closed,33,560,2009-06-16 00:00:00,81
60,870,82,Store,Contoso Madison Store,On,2004-02-28,2090-12-31,694,499-555-0125,499-555-0125,Not Yet Closed,47,1125,2009-06-17 00:00:00,82
61,898,83,Store,Contoso Oregon Store,On,2004-03-29,2090-12-31,695,932-555-0161,932-555-0161,Not Yet Closed,22,500,2009-06-16 00:00:00,83
62,934,84,Store,Contoso Stoughton Store,Off,2004-04-30,2009-07-12,696,602-555-0194,602-555-0194,Relocation,17,462,2009-06-17 00:00:00,84
63,822,85,Store,Contoso Edgerton Store,On,2004-05-31,2090-12-31,697,679-555-0113,679-555-0113,Not Yet Closed,25,700,2009-06-18 00:00:00,85
64,828,86,Store,Contoso Fort Atkinson Store,On,2004-06-01,2090-12-31,698,688-555-0192,688-555-0192,Not Yet Closed,26,680,2009-06-16 00:00:00,86
65,918,87,Store,Contoso Racine No.2 Store,On,2009-07-02,2090-12-31,699,518-555-0199,518-555-0199,Not Yet Closed,19,455,2009-06-17 00:00:00,87
66,849,88,Store,Contoso Houston No.1 Store,On,2004-08-03,2090-12-31,700,901-555-0125,901-555-0125,Not Yet Closed,33,560,2009-06-16 00:00:00,88
67,849,88,Store,Contoso Houston No.2 Store,On,2004-03-11,2090-12-31,701,434-555-0133,434-555-0133,Not Yet Closed,47,1125,2009-06-17 00:00:00,88
68,849,88,Store,Contoso Houston No.3 Store,On,2004-07-02,2090-12-31,702,226-555-0197,226-555-0197,Not Yet Closed,22,500,2009-06-18 00:00:00,88
69,849,88,Store,Contoso Houston No.4 Store,On,2004-08-03,2090-12-31,703,623-555-0155,623-555-0155,Not Yet Closed,17,460,2009-06-16 00:00:00,88
70,876,89,Store,Contoso Midland Store,On,2003-09-12,2090-12-31,704,611-555-0116,611-555-0116,Not Yet Closed,25,700,2009-06-17 00:00:00,89
71,924,90,Store,Contoso Russellville Store,On,2007-11-05,2090-12-31,705,793-555-0179,793-555-0179,Not Yet Closed,25,700,2009-06-16 00:00:00,90
72,879,91,Store,Contoso Minden Store,On,2004-11-06,2090-12-31,706,612-555-0171,612-555-0171,Not Yet Closed,26,680,2009-06-17 00:00:00,91
73,929,92,Store,Contoso Shreveport Store,On,2004-10-17,2090-12-31,707,522-555-0147,522-555-0147,Not Yet Closed,19,455,2009-06-18 00:00:00,92
74,872,93,Store,Contoso Marshall Store,On,2004-02-18,2090-12-31,708,248-555-0134,248-555-0134,Not Yet Closed,33,560,2009-06-16 00:00:00,93
75,866,94,Store,Contoso Longview Store,On,2004-02-19,2090-12-31,709,309-555-0129,309-555-0129,Not Yet Closed,47,1125,2009-06-17 00:00:00,94
76,798,95,Store,Contoso Beaumont No.1 Store,On,2004-02-20,2090-12-31,710,896-555-0168,896-555-0168,Not Yet Closed,22,500,2009-06-16 00:00:00,95
77,897,96,Store,Contoso Orange Store,On,2004-02-21,2090-12-31,711,999-555-0155,999-555-0155,Not Yet Closed,17,462,2009-06-17 00:00:00,96
78,798,95,Store,Contoso Beaumont No.2 Store,On,2004-02-22,2090-12-31,712,808-555-0172,808-555-0172,Not Yet Closed,25,700,2009-06-18 00:00:00,95
79,579,97,Store,Contoso Baytown Store,On,2004-01-17,2090-12-31,713,119-555-0117,119-555-0117,Not Yet Closed,26,680,2009-06-16 00:00:00,97
80,858,98,Store,Contoso La Porte Store,On,2004-02-18,2090-12-31,714,420-555-0173,420-555-0173,Not Yet Closed,26,680,2009-06-17 00:00:00,98
81,793,99,Store,Contoso Bacliff Store,On,2004-03-19,2090-12-31,715,143-555-0173,143-555-0173,Not Yet Closed,19,455,2009-06-16 00:00:00,99
82,939,100,Store,Contoso Texas City Store,On,2004-04-20,2090-12-31,716,815-555-0138,815-555-0138,Not Yet Closed,33,560,2009-06-17 00:00:00,100
83,906,101,Store,Contoso Pasadena Store,On,2004-05-21,2090-12-31,717,314-555-0113,314-555-0113,Not Yet Closed,47,1125,2009-06-18 00:00:00,101
84,851,102,Store,Contoso Humble Store,Off,2004-06-22,2009-02-12,718,373-555-0137,373-555-0137,Relocation,22,500,2009-06-16 00:00:00,102
85,933,103,Store,Contoso Spring Store,On,2004-07-23,2090-12-31,719,153-555-0186,153-555-0186,Not Yet Closed,17,462,2009-06-17 00:00:00,103
86,791,104,Store,Contoso Austin Store,On,2004-08-24,2090-12-31,720,172-555-0130,172-555-0130,Not Yet Closed,25,700,2009-06-16 00:00:00,104
87,925,105,Store,Contoso San Antonio Store,On,2004-08-25,2090-12-31,721,970-555-0118,970-555-0118,Not Yet Closed,26,680,2009-06-17 00:00:00,105
88,453,106,Store,Contoso Cedar Park Store,On,2004-10-26,2090-12-31,722,577-555-0185,577-555-0185,Not Yet Closed,19,455,2009-06-18 00:00:00,106
89,923,107,Store,Contoso Round Rock Store,On,2004-11-27,2090-12-31,723,373-555-0142,373-555-0142,Not Yet Closed,33,560,2009-06-16 00:00:00,107
90,815,108,Store,Contoso Dallas Store,On,2008-12-02,2090-12-31,724,986-555-0177,986-555-0177,Not Yet Closed,47,1125,2009-06-17 00:00:00,108
91,834,109,Store,Contoso Georgetown Store,On,2003-01-29,2090-12-31,725,777-555-0141,777-555-0141,Not Yet Closed,22,500,2009-06-16 00:00:00,109
92,845,110,Store,Contoso Hillsboro Store,On,2003-01-30,2090-12-31,726,818-555-0128,818-555-0128,Not Yet Closed,17,460,2009-06-17 00:00:00,110
93,787,111,Store,Contoso Arlington Store,On,2003-08-31,2090-12-31,727,204-555-0115,204-555-0115,Not Yet Closed,25,700,2009-06-18 00:00:00,111
94,837,112,Store,Contoso Grand Prairie Store,On,2003-02-03,2090-12-31,728,845-555-0184,845-555-0184,Not Yet Closed,25,700,2009-06-16 00:00:00,112
95,819,113,Store,Contoso Desoto Store,On,2003-03-31,2090-12-31,729,935-555-0116,935-555-0116,Not Yet Closed,26,680,2009-06-17 00:00:00,113
96,919,114,Store,Contoso Richardson Store,On,2003-02-01,2090-12-31,730,208-555-0114,208-555-0114,Not Yet Closed,19,455,2009-06-16 00:00:00,114
97,863,115,Store,Contoso Lewisville Store,On,2003-04-02,2090-12-31,731,920-555-0177,920-555-0177,Not Yet Closed,33,560,2009-06-17 00:00:00,115
98,817,116,Store,Contoso Denton Store,On,2003-05-03,2090-12-31,732,913-555-0184,913-555-0184,Not Yet Closed,47,1125,2009-06-18 00:00:00,116
99,831,117,Store,Contoso Fort Worth Store,On,2003-06-04,2090-12-31,733,148-555-0145,148-555-0145,Not Yet Closed,22,500,2009-06-16 00:00:00,117
100,910,118,Store,Contoso Plano Store,On,2003-07-05,2090-12-31,734,148-555-0145,148-555-0145,Not Yet Closed,17,462,2009-06-17 00:00:00,118
101,875,119,Store,Contoso Miami No.1 Store,On,2003-08-06,2090-12-31,735,199-555-0117,199-555-0117,Not Yet Closed,17,462,2009-06-16 00:00:00,119
102,875,119,Store,Contoso Miami No.2 Store,On,2003-09-07,2090-12-31,736,391-555-0138,391-555-0138,Not Yet Closed,25,700,2009-06-17 00:00:00,119
103,853,120,Store,Contoso Jacksonville Store,On,2003-10-08,2090-12-31,737,454-555-0119,454-555-0119,Not Yet Closed,26,680,2009-06-18 00:00:00,120
104,937,121,Store,Contoso Tallahassee No.1 Store,On,2003-11-09,2090-12-31,738,200-555-0117,200-555-0117,Not Yet Closed,19,455,2009-06-16 00:00:00,121
105,937,121,Store,Contoso Tallahassee No.2 Store,On,2003-11-29,2090-12-31,739,768-555-0123,768-555-0123,Not Yet Closed,33,560,2009-06-17 00:00:00,121
107,926,123,Store,Contoso Sebring Store,On,2003-02-12,2090-12-31,741,166-555-0159,166-555-0159,Not Yet Closed,22,500,2009-06-17 00:00:00,123
108,860,124,Store,Contoso Lakeland Store,On,2003-02-13,2090-12-31,742,477-555-0132,477-555-0132,Not Yet Closed,17,460,2009-06-18 00:00:00,124
109,830,125,Store,Contoso Fort Lauderdale Store,On,2003-02-14,2090-12-31,743,582-555-0178,582-555-0178,Not Yet Closed,25,700,2009-06-16 00:00:00,125
110,899,126,Store,Contoso Orlando Store,On,2003-02-15,2090-12-31,744,476-555-0119,476-555-0119,Not Yet Closed,25,700,2009-06-17 00:00:00,126
111,938,127,Store,Contoso Tampa Store,On,2003-02-16,2090-12-31,745,531-555-0183,531-555-0183,Not Yet Closed,26,680,2009-06-16 00:00:00,127
112,857,128,Store,Contoso Key West Store,Off,2004-01-12,2009-07-02,746,637-555-0120,637-555-0120,Relocation,19,455,2009-06-17 00:00:00,128
113,807,129,Store,Contoso Cape Canaveral Store,On,2004-02-14,2090-12-31,747,260-555-0119,260-555-0119,Not Yet Closed,33,560,2009-06-18 00:00:00,129
114,782,130,Store,Contoso Albany Store,On,2004-02-12,2090-12-31,748,697-555-0142,697-555-0142,Not Yet Closed,47,1125,2009-06-16 00:00:00,130
115,890,131,Store,Contoso New York No.1 Store,On,2004-03-01,2090-12-31,749,571-555-0179,571-555-0179,Not Yet Closed,22,500,2009-06-17 00:00:00,131
116,922,132,Store,Contoso Rochester No.1 Store,On,2004-04-02,2090-12-31,750,147-555-0179,147-555-0179,Not Yet Closed,17,462,2009-06-16 00:00:00,132
117,890,131,Store,Contoso New York No.2 Store,On,2005-05-15,2090-12-31,751,540-555-0191,540-555-0191,Not Yet Closed,25,700,2009-06-17 00:00:00,131
118,936,133,Store,Contoso Syracuse Store,On,2004-06-16,2090-12-31,752,234-555-0169,234-555-0169,Not Yet Closed,26,680,2009-06-18 00:00:00,133
119,805,134,Store,Contoso Buffalo Store,Off,2004-07-02,2008-09-22,753,185-555-0186,185-555-0186,Store,19,455,2009-06-16 00:00:00,134
120,911,139,Store,Contoso Plattsburgh Store,On,2004-08-18,2090-12-31,754,727-555-0112,727-555-0112,Not Yet Closed,33,560,2009-06-17 00:00:00,139
121,804,140,Store,Contoso Brooklyn Store,On,2004-09-19,2090-12-31,755,158-555-0191,158-555-0191,Not Yet Closed,47,1125,2009-06-16 00:00:00,140
122,902,141,Store,Contoso Oswego Store,On,2004-10-20,2090-12-31,756,785-555-0110,785-555-0110,Not Yet Closed,22,500,2009-06-17 00:00:00,141
123,852,142,Store,Contoso Ithaca Store,On,2004-11-21,2090-12-31,757,361-555-0180,361-555-0180,Not Yet Closed,17,460,2009-06-18 00:00:00,142
124,922,132,Store,Contoso Rochester No.2 Store,On,2004-12-22,2090-12-31,758,510-555-0121,510-555-0121,Not Yet Closed,25,700,2009-06-16 00:00:00,132
125,916,143,Store,Contoso Queens Store,On,2006-01-23,2090-12-31,759,150-555-0194,150-555-0194,Not Yet Closed,25,700,2009-06-17 00:00:00,143
126,823,144,Store,Contoso Elmira Store,On,2004-02-24,2090-12-31,760,139-555-0120,139-555-0120,Not Yet Closed,26,680,2009-06-16 00:00:00,144
127,912,145,Store,Contoso Poestenkill Store,On,2004-01-25,2090-12-31,761,712-555-0113,712-555-0113,Not Yet Closed,19,455,2009-06-17 00:00:00,145
128,943,146,Store,Contoso Trenton No.1 Store,On,2004-03-26,2090-12-31,762,350-555-0167,350-555-0167,Not Yet Closed,33,560,2009-06-18 00:00:00,146
129,943,146,Store,Contoso Trenton No.2 Store,Off,2004-07-27,2008-12-12,763,241-555-0191,241-555-0191,Relocation,47,1125,2009-06-16 00:00:00,146
130,891,147,Store,Contoso Newark No.1 Store,On,2004-08-28,2090-12-31,764,119-555-0192,119-555-0192,Not Yet Closed,22,500,2009-06-17 00:00:00,147
131,891,147,Store,Contoso Newark No.2 Store,On,2004-09-29,2090-12-31,765,200-555-0112,200-555-0112,Not Yet Closed,17,462,2009-06-16 00:00:00,147
132,854,148,Store,Contoso Jersey City Store,On,2004-11-02,2090-12-31,766,205-555-0132,205-555-0132,Not Yet Closed,25,700,2009-06-17 00:00:00,148
133,908,149,Store,Contoso Paterson Store,On,2008-12-03,2090-12-31,767,653-555-0144,653-555-0144,Not Yet Closed,26,680,2009-06-18 00:00:00,149
134,814,150,Store,Contoso Clifton Store,On,2004-01-24,2090-12-31,768,417-555-0154,417-555-0154,Not Yet Closed,26,680,2009-06-16 00:00:00,150
135,820,151,Store,Contoso East Orange Store,On,2004-02-15,2090-12-31,769,935-555-0199,935-555-0199,Not Yet Closed,19,455,2009-06-17 00:00:00,151
136,907,152,Store,Contoso Passaic Store,On,2004-03-16,2090-12-31,770,180-555-0136,180-555-0136,Not Yet Closed,33,560,2009-06-16 00:00:00,152
137,797,153,Store,Contoso Bayonne Store,On,2004-04-17,2090-12-31,771,500-555-0159,500-555-0159,Not Yet Closed,47,1125,2009-06-17 00:00:00,153
138,945,154,Store,Contoso Vineland Store,On,2004-05-18,2090-12-31,772,984-555-0148,984-555-0148,Not Yet Closed,22,500,2009-06-18 00:00:00,154
139,886,155,Store,Contoso New Brunswick Store,On,2004-06-19,2090-12-31,773,533-555-0111,533-555-0111,Not Yet Closed,17,462,2009-06-16 00:00:00,155
140,842,156,Store,Contoso Hackensack Store,On,2004-07-20,2090-12-31,774,352-555-0138,352-555-0138,Not Yet Closed,25,700,2009-06-17 00:00:00,156
141,788,157,Store,Contoso Atlantic City Store,On,2004-08-21,2090-12-31,775,446-555-0118,446-555-0118,Not Yet Closed,26,680,2009-06-16 00:00:00,157
142,880,158,Store,Contoso Montclair Store,On,2004-09-22,2090-12-31,776,955-555-0169,955-555-0169,Not Yet Closed,19,455,2009-06-17 00:00:00,158
143,847,159,Store,Contoso Hoboken Store,On,2004-10-23,2090-12-31,777,110-555-0182,110-555-0182,Not Yet Closed,33,560,2009-06-18 00:00:00,159
144,882,160,Store,Contoso Morristown Store,On,2004-11-24,2090-12-31,778,646-555-0185,646-555-0185,Not Yet Closed,47,1125,2009-06-16 00:00:00,160
145,808,161,Store,Contoso Cape May Store,On,2004-12-02,2090-12-31,779,615-555-0110,615-555-0110,Not Yet Closed,22,500,2009-06-17 00:00:00,161
146,802,162,Store,Contoso Boston Store,On,2004-11-06,2090-12-31,780,615-555-0110,615-555-0110,Not Yet Closed,17,460,2009-06-16 00:00:00,162
147,952,163,Store,Contoso Worcester No.1 Store,On,2004-10-17,2090-12-31,781,441-555-0195,441-555-0195,Not Yet Closed,25,700,2009-06-17 00:00:00,163
148,952,163,Store,Contoso Worcester No.2 Store,Off,2004-02-18,2009-07-12,782,118-555-0110,118-555-0110,Relocation,25,700,2009-06-18 00:00:00,163
149,885,164,Store,Contoso New Bedford Store,On,2004-02-19,2090-12-31,783,965-555-0155,965-555-0155,Not Yet Closed,26,680,2009-06-16 00:00:00,164
150,789,165,Store,Contoso Attleboro Store,On,2004-02-20,2090-12-31,784,589-555-0147,589-555-0147,Not Yet Closed,19,455,2009-06-17 00:00:00,165
151,868,166,Store,Contoso Lowell Store,On,2004-02-21,2090-12-31,785,181-555-0124,181-555-0124,Not Yet Closed,33,560,2009-06-16 00:00:00,166
152,861,167,Store,Contoso Leominster Store,On,2004-02-22,2090-12-31,786,678-555-0110,678-555-0110,Not Yet Closed,47,1125,2009-06-17 00:00:00,167
153,846,168,Store,Contoso Hingham Store,On,2004-01-17,2090-12-31,787,696-555-0157,696-555-0157,Not Yet Closed,22,500,2009-06-18 00:00:00,168
154,917,169,Store,Contoso Quincy Store,On,2004-02-18,2090-12-31,788,870-555-0122,870-555-0122,Not Yet Closed,17,462,2009-06-16 00:00:00,169
155,832,170,Store,Contoso Framingham Store,On,2004-03-19,2090-12-31,789,182-555-0134,182-555-0134,Not Yet Closed,25,700,2009-06-17 00:00:00,170
156,449,171,Store,Contoso Cambridge Store,On,2004-04-20,2090-12-31,790,594-555-0110,594-555-0110,Not Yet Closed,26,680,2009-06-16 00:00:00,171
157,931,172,Store,Contoso Somerville Store,On,2004-05-21,2090-12-31,791,587-555-0114,587-555-0114,Not Yet Closed,26,680,2009-06-17 00:00:00,172
158,844,173,Store,Contoso Haverhill Store,On,2004-06-22,2090-12-31,792,368-555-0113,368-555-0113,Not Yet Closed,19,455,2009-06-18 00:00:00,173
159,869,174,Store,Contoso Lynn Store,On,2004-07-23,2090-12-31,793,869-555-0119,869-555-0119,Not Yet Closed,33,560,2009-06-16 00:00:00,174
160,895,175,Store,Contoso Northampton Store,On,2004-08-24,2090-12-31,794,806-555-0136,806-555-0136,Not Yet Closed,47,1125,2009-06-17 00:00:00,175
161,848,176,Store,Contoso Holyoke Store,On,2004-08-25,2090-12-31,795,819-555-0198,819-555-0198,Not Yet Closed,22,500,2009-06-16 00:00:00,176
162,909,177,Store,Contoso Pittsfield Store,Off,2004-10-26,2009-07-12,796,173-555-0179,173-555-0179,Relocation,17,462,2009-06-17 00:00:00,177
163,826,178,Store,Contoso Falmouth Store,On,2004-11-27,2090-12-31,797,429-555-0137,429-555-0137,Not Yet Closed,25,700,2009-06-18 00:00:00,178
164,914,179,Store,Contoso Provincetown Store,On,2004-12-02,2090-12-31,798,181-555-0156,181-555-0156,Not Yet Closed,26,680,2009-06-16 00:00:00,179
165,883,180,Store,Contoso Nantucket Store,On,2004-11-06,2090-12-31,799,810-555-0178,810-555-0178,Not Yet Closed,19,455,2009-06-17 00:00:00,180
166,795,181,Store,Contoso Bangor Store,On,2004-10-17,2090-12-31,800,201-555-0163,201-555-0163,Not Yet Closed,33,560,2009-06-16 00:00:00,181
167,796,182,Store,Contoso Bar Harbor Store,On,2004-02-18,2090-12-31,801,746-555-0164,746-555-0164,Not Yet Closed,47,1125,2009-06-17 00:00:00,182
168,855,183,Store,Contoso Kennebunkport Store,On,2004-02-19,2090-12-31,802,587-555-0115,587-555-0115,Not Yet Closed,22,500,2009-06-18 00:00:00,183
169,862,184,Store,Contoso Lewiston Store,On,2004-02-20,2090-12-31,803,140-555-0132,140-555-0132,Not Yet Closed,17,460,2009-06-16 00:00:00,184
170,900,185,Store,Contoso Orono Store,On,2004-02-21,2090-12-31,804,309-555-0170,309-555-0170,Not Yet Closed,25,700,2009-06-17 00:00:00,185
171,932,186,Store,Contoso South Portland Store,On,2004-02-22,2090-12-31,805,990-555-0172,990-555-0172,Not Yet Closed,25,700,2009-06-16 00:00:00,186
172,843,187,Store,Contoso Hartford Store,On,2004-01-17,2090-12-31,806,117-555-0185,117-555-0185,Not Yet Closed,26,680,2009-06-17 00:00:00,187
173,801,188,Store,Contoso Bridgeport Store,On,2004-02-18,2090-12-31,807,609-555-0153,609-555-0153,Not Yet Closed,19,455,2009-06-18 00:00:00,188
174,948,189,Store,Contoso Waterbury Store,On,2004-03-19,2090-12-31,808,238-555-0116,238-555-0116,Not Yet Closed,33,560,2009-06-16 00:00:00,189
175,896,190,Store,Contoso Old Saybrook Store,On,2004-04-20,2090-12-31,809,100-555-0174,100-555-0174,Not Yet Closed,47,1125,2009-06-17 00:00:00,190
176,816,191,Store,Contoso Darien Store,On,2004-05-21,2090-12-31,810,438-555-0172,438-555-0172,Not Yet Closed,22,500,2009-06-16 00:00:00,191
177,888,192,Store,Contoso New Haven Store,On,2004-06-22,2090-12-31,811,118-555-0177,118-555-0177,Not Yet Closed,17,462,2009-06-17 00:00:00,192
178,864,193,Store,Contoso Litchfield County Store,On,2004-07-23,2090-12-31,812,164-555-0114,164-555-0114,Not Yet Closed,25,700,2009-06-18 00:00:00,193
179,889,194,Store,Contoso New London Store,On,2004-08-24,2090-12-31,813,156-555-0199,156-555-0199,Not Yet Closed,26,680,2009-06-16 00:00:00,194
180,892,195,Store,Contoso Norfolk Store,On,2004-08-25,2090-12-31,814,712-555-0170,712-555-0170,Not Yet Closed,26,680,2009-06-17 00:00:00,195
181,946,196,Store,Contoso Virginia Beach Store,On,2004-10-26,2090-12-31,815,753-555-0129,753-555-0129,Not Yet Closed,19,455,2009-06-16 00:00:00,196
182,951,197,Store,Contoso Winchester Store,On,2004-11-27,2090-12-31,816,654-555-0177,654-555-0177,Not Yet Closed,33,560,2009-06-17 00:00:00,197
183,784,111,Store,Contoso Anchorage Store,On,2004-12-02,2090-12-31,817,110-555-0115,110-555-0115,Not Yet Closed,47,1125,2009-06-18 00:00:00,111
184,783,198,Store,Contoso Alexandria Store,Off,2004-11-06,2009-07-12,818,822-555-0145,822-555-0145,Relocation,22,500,2009-06-16 00:00:00,198
185,921,199,Store,Contoso Roanoke Store,On,2004-10-17,2090-12-31,819,559-555-0175,559-555-0175,Not Yet Closed,17,462,2009-06-17 00:00:00,199
186,811,200,Store,Contoso Charlottesville Store,On,2004-02-18,2090-12-31,820,751-555-0134,751-555-0134,Not Yet Closed,25,700,2009-06-16 00:00:00,200
187,833,201,Store,Contoso Fredericksburg Store,On,2004-02-19,2090-12-31,821,319-555-0126,319-555-0126,Not Yet Closed,26,680,2009-06-17 00:00:00,201
188,873,202,Store,Contoso Martinsville Store,On,2004-02-20,2090-12-31,822,809-555-0133,809-555-0133,Not Yet Closed,19,455,2009-06-18 00:00:00,202
189,841,203,Store,Contoso Greenville Store,On,2004-02-21,2090-12-31,823,517-555-0122,517-555-0122,Not Yet Closed,33,560,2009-06-16 00:00:00,203
190,810,204,Store,Contoso Charleston Store,On,2004-02-22,2090-12-31,824,552-555-0111,552-555-0111,Not Yet Closed,47,1125,2009-06-17 00:00:00,204
191,785,205,Store,Contoso Annapolis Store,On,2004-01-17,2090-12-31,825,908-555-0159,908-555-0159,Not Yet Closed,22,500,2009-06-16 00:00:00,205
192,794,206,Store,Contoso Baltimore Store,On,2004-02-18,2090-12-31,826,508-555-0129,508-555-0129,Not Yet Closed,17,460,2009-06-17 00:00:00,206
193,850,207,Store,Contoso Howard Store,On,2004-03-19,2090-12-31,827,167-555-0139,167-555-0139,Not Yet Closed,25,700,2009-06-18 00:00:00,207
194,920,208,Store,Contoso Ridgely Store,On,2004-04-20,2090-12-31,828,310-555-0133,310-555-0133,Not Yet Closed,25,700,2009-06-16 00:00:00,208
195,915,209,Store,Contoso Queen Anne's County Store,On,2004-05-21,2090-12-31,829,106-555-0120,106-555-0120,Not Yet Closed,26,680,2009-06-17 00:00:00,209
196,905,210,Store,Contoso Parkville Store,On,2004-06-22,2090-12-31,830,949-555-0174,949-555-0174,Not Yet Closed,19,455,2009-06-16 00:00:00,210
197,792,211,Store,Contoso Back River Store,On,2004-07-23,2090-12-31,831,955-555-0131,955-555-0131,Not Yet Closed,33,560,2009-06-17 00:00:00,211
198,835,77,Store,Contoso North Harford Store,On,2004-08-24,2090-12-31,832,817-555-0186,817-555-0186,Not Yet Closed,47,1125,2009-06-18 00:00:00,77
199,800,212,Online,Contoso North America Online Store,On,2004-08-25,2090-12-31,59,450-555-0152,450-555-0152,Not Yet Closed,325,500,2009-06-16 00:00:00,212
200,894,213,Catalog,Contoso Catalog Store,On,2004-10-26,2090-12-31,58,278-555-0118,278-555-0118,Not Yet Closed,120,462,2009-06-17 00:00:00,213
201,506,219,Store,Contoso London Store,On,2004-11-27,2090-12-31,833,927-555-0168,927-555-0168,Not Yet Closed,17,462,2009-06-16 00:00:00,219
202,748,220,Store,Contoso Edinburgh Store,On,2004-08-02,2090-12-31,834,296-555-0121,296-555-0121,Not Yet Closed,25,700,2009-06-17 00:00:00,220
203,751,221,Store,Contoso Glasgow Store,On,2007-08-16,2090-12-31,835,289-555-0196,289-555-0196,Not Yet Closed,26,680,2009-06-18 00:00:00,221
204,576,222,Store,Contoso York Store,On,2004-08-27,2090-12-31,836,848-555-0163,848-555-0163,Not Yet Closed,78,680,2009-06-16 00:00:00,222
205,742,223,Store,Contoso Carlisle Store,On,2004-05-18,2090-12-31,837,165-555-0113,165-555-0113,Not Yet Closed,23,680,2009-06-17 00:00:00,223
206,761,224,Store,Contoso Manchester Store,On,2004-06-19,2090-12-31,838,869-555-0125,869-555-0125,Not Yet Closed,11,680,2009-06-16 00:00:00,224
207,755,225,Store,Contoso Lancashire Store,On,2004-07-20,2090-12-31,839,393-555-0186,393-555-0186,Not Yet Closed,36,680,2009-06-17 00:00:00,225
208,781,226,Store,Contoso West Yorkshire Store,On,2004-03-21,2090-12-31,840,318-555-0137,318-555-0137,Not Yet Closed,90,680,2009-06-18 00:00:00,226
209,738,227,Store,Contoso Baildon Store,On,2004-09-22,2090-12-31,841,138-555-0118,138-555-0118,Not Yet Closed,32,680,2009-06-16 00:00:00,227
210,743,228,Store,Contoso Cheshire Store,On,2004-04-23,2090-12-31,842,663-555-0172,663-555-0172,Not Yet Closed,18,680,2009-06-17 00:00:00,228
211,774,229,Store,Contoso Stockport Store,On,2004-11-24,2090-12-31,843,224-555-0187,224-555-0187,Not Yet Closed,34,680,2009-06-16 00:00:00,229
212,651,230,Store,Contoso Liverpool Store,On,2004-03-02,2090-12-31,844,313-555-0196,313-555-0196,Not Yet Closed,64,680,2009-06-17 00:00:00,230
213,753,231,Store,Contoso Knotty Ash Store,On,2004-03-26,2090-12-31,845,785-555-0132,785-555-0132,Not Yet Closed,24,680,2009-06-18 00:00:00,231
214,501,232,Store,Contoso Leeds Store,On,2004-06-27,2090-12-31,846,407-555-0165,407-555-0165,Not Yet Closed,25,680,2009-06-16 00:00:00,232
215,529,233,Store,Contoso Paris Store,On,2004-03-28,2090-12-31,847,139-555-0131,139-555-0131,Not Yet Closed,12,680,2009-06-17 00:00:00,233
216,762,234,Store,Contoso Marseille Store,On,2008-04-29,2090-12-31,854,142-555-0139,142-555-0139,Not Yet Closed,13,680,2009-06-16 00:00:00,234
217,759,235,Store,Contoso Lyon Store,On,2004-08-30,2090-12-31,855,207-555-0192,207-555-0192,Not Yet Closed,15,680,2009-06-17 00:00:00,235
218,777,236,Store,Contoso Toulouse Store,On,2004-09-11,2090-12-31,856,575-555-0126,575-555-0126,Not Yet Closed,23,680,2009-06-18 00:00:00,236
219,767,237,Store,Contoso Nice Store,On,2004-02-02,2090-12-31,857,315-555-0144,315-555-0144,Not Yet Closed,32,680,2009-06-16 00:00:00,237
220,766,238,Store,Contoso Nantes Store,On,2004-08-03,2090-12-31,858,991-555-0184,991-555-0184,Not Yet Closed,11,680,2009-06-17 00:00:00,238
221,775,239,Store,Contoso Strasbourg Store,On,2004-09-04,2090-12-31,859,310-555-0117,310-555-0117,Not Yet Closed,10,630,2009-06-16 00:00:00,239
222,771,240,Store,Contoso Roma Store,On,2007-10-05,2090-12-31,860,927-555-0150,927-555-0150,Not Yet Closed,43,490,2009-06-17 00:00:00,240
223,779,241,Store,Contoso Venezia Store,On,2009-07-06,2090-12-31,861,330-555-2568,330-555-2568,Not Yet Closed,11,500,2009-06-18 00:00:00,241
224,749,242,Store,Contoso Firenze Store,On,2004-12-07,2090-12-31,862,110-555-0112,110-555-0112,Not Yet Closed,45,500,2009-06-16 00:00:00,242
225,776,243,Store,Contoso Torino Store,On,2004-03-18,2090-12-31,863,931-555-0118,931-555-0118,Not Yet Closed,24,500,2009-06-17 00:00:00,243
226,763,244,Store,Contoso Milan Store,On,2004-04-09,2090-12-31,864,202-555-0187,202-555-0187,Not Yet Closed,23,500,2009-06-16 00:00:00,244
227,884,245,Store,Contoso Naples Store,On,2004-03-02,2090-12-31,865,492-555-0174,492-555-0174,Not Yet Closed,13,500,2009-06-17 00:00:00,245
228,586,246,Store,Contoso Berlin Store,On,2008-10-09,2090-12-31,866,730-555-0117,730-555-0117,Not Yet Closed,13,500,2009-06-18 00:00:00,246
230,754,247,Store,Contoso koln No.2 Store,On,2004-05-15,2090-12-31,868,916-555-0165,916-555-0165,Not Yet Closed,25,500,2009-06-17 00:00:00,247
231,752,248,Store,Contoso Hofheim Store,On,2004-06-17,2090-12-31,869,405-555-0171,405-555-0171,Not Yet Closed,25,500,2009-06-16 00:00:00,248
232,754,249,Store,Contoso koln No.1 Store,On,2004-07-29,2090-12-31,870,583-555-0182,583-555-0182,Not Yet Closed,35,500,2009-06-17 00:00:00,249
233,756,250,Store,Contoso Landstuhl Store,On,2004-08-20,2090-12-31,871,447-555-0186,447-555-0186,Not Yet Closed,21,500,2009-06-18 00:00:00,250
234,747,251,Store,Contoso Dusseldorf Store,On,2007-09-12,2090-12-31,872,283-555-0185,283-555-0185,Not Yet Closed,24,500,2009-06-16 00:00:00,251
235,770,252,Store,Contoso Ramstein Store,On,2004-08-13,2090-12-31,873,555-555-0113,555-555-0113,Not Yet Closed,15,500,2009-06-17 00:00:00,252
236,739,253,Store,Contoso Baumholder Store,On,2004-06-25,2090-12-31,874,733-555-0128,733-555-0128,Not Yet Closed,28,500,2009-06-16 00:00:00,253
237,750,254,Store,Contoso Giebelstadt Store,On,2004-12-26,2090-12-31,875,264-555-0150,264-555-0150,Not Yet Closed,15,500,2009-06-17 00:00:00,254
238,769,255,Store,Contoso obamberg Store,On,2004-05-27,2090-12-31,876,520-555-0177,520-555-0177,Not Yet Closed,29,500,2009-06-18 00:00:00,255
239,765,256,Store,Contoso Munich Store,On,2006-02-28,2090-12-31,877,497-555-0181,497-555-0181,Not Yet Closed,18,500,2009-06-16 00:00:00,256
240,736,257,Store,Contoso Amsterdam Store,On,2004-03-29,2090-12-31,878,230-555-0144,230-555-0144,Not Yet Closed,26,680,2009-06-17 00:00:00,257
241,745,258,Store,Contoso Copenhagen Store,On,2004-04-30,2090-12-31,879,123-555-0167,123-555-0167,Not Yet Closed,25,680,2009-06-16 00:00:00,258
242,773,259,Store,Contoso Stockholm Store,On,2004-05-31,2090-12-31,880,208-555-0114,208-555-0114,Not Yet Closed,33,680,2009-06-17 00:00:00,259
243,760,260,Store,Contoso Madrid Store,On,2004-03-01,2090-12-31,881,166-555-0156,166-555-0156,Not Yet Closed,35,680,2009-06-18 00:00:00,260
244,758,261,Store,Contoso Ljubljana Store,On,2004-07-02,2090-12-31,882,129-555-0199,129-555-0199,Not Yet Closed,36,680,2009-06-16 00:00:00,261
245,741,262,Store,Contoso Bucharest Store,On,2004-05-19,2090-12-31,883,163-555-0147,163-555-0147,Not Yet Closed,25,680,2009-06-17 00:00:00,262
246,740,263,Store,Contoso Berne Store,On,2004-04-20,2090-12-31,884,590-555-0152,590-555-0152,Not Yet Closed,53,680,2009-06-16 00:00:00,263
247,780,264,Store,Contoso Warsaw Store,On,2004-09-04,2090-12-31,885,680-555-0118,680-555-0118,Not Yet Closed,15,680,2009-06-17 00:00:00,264
248,778,265,Store,Contoso Valletta Store,On,2004-02-19,2090-12-31,886,265-555-0195,265-555-0195,Not Yet Closed,42,680,2009-06-18 00:00:00,265
249,746,266,Store,Contoso Dublin Store,On,2006-02-20,2090-12-31,887,720-555-0158,720-555-0158,Not Yet Closed,55,680,2009-06-16 00:00:00,266
250,737,267,Store,Contoso Athens Store,On,2004-04-17,2090-12-31,888,237-555-0128,237-555-0128,Not Yet Closed,15,680,2009-06-17 00:00:00,267
251,728,268,Store,Contoso Singapore Store,On,2004-04-22,2090-12-31,848,842-555-0158,842-555-0158,Not Yet Closed,27,480,2009-06-16 00:00:00,268
252,713,296,Store,Contoso Canberra Store,On,2005-11-17,2090-12-31,889,413-555-0124,413-555-0124,Not Yet Closed,28,480,2009-06-17 00:00:00,296
253,558,294,Store,Contoso Sydney No.1 Store,On,2005-06-27,2090-12-31,890,203-555-0196,203-555-0196,Not Yet Closed,20,480,2009-06-18 00:00:00,294
254,734,295,Store,Contoso Yerevan Store,On,2004-03-28,2090-12-31,891,919-555-0140,919-555-0140,Not Yet Closed,15,480,2009-06-16 00:00:00,295
255,723,269,Store,Contoso New Delhi Store,On,2004-04-29,2090-12-31,892,153-555-0166,153-555-0166,Not Yet Closed,29,480,2009-06-17 00:00:00,269
256,721,270,Store,Contoso Mumbai Store,On,2004-07-30,2090-12-31,893,425-555-0117,425-555-0117,Not Yet Closed,35,480,2009-06-16 00:00:00,270
257,718,271,Store,Contoso Kolkata Store,On,2005-06-11,2090-12-31,894,491-555-0183,491-555-0183,Not Yet Closed,35,480,2009-06-17 00:00:00,271
258,731,272,Store,Contoso Thimphu No.1 Store,On,2009-07-02,2090-12-31,895,295-555-0161,295-555-0161,Not Yet Closed,35,480,2009-06-18 00:00:00,272
259,716,273,Store,Contoso Hong Kong No.1 Store,On,2004-08-03,2090-12-31,896,500-555-0172,500-555-0172,Not Yet Closed,35,480,2009-06-16 00:00:00,273
260,730,274,Store,Contoso Tehran No.1 Store,On,2004-09-04,2090-12-31,897,325-555-0137,325-555-0137,Not Yet Closed,35,480,2009-06-17 00:00:00,274
261,714,275,Store,Contoso Damascus No.1 Store,On,2007-10-05,2090-12-31,898,582-555-0148,582-555-0148,Not Yet Closed,35,480,2009-06-16 00:00:00,275
262,709,276,Store,Contoso Bangkok No.1 Store,On,2008-11-06,2090-12-31,899,961-555-0122,961-555-0122,Not Yet Closed,62,480,2009-06-17 00:00:00,276
263,764,277,Store,Contoso Moscow  No.1 Store,On,2004-06-07,2090-12-31,900,254-555-0114,254-555-0114,Not Yet Closed,65,480,2009-06-18 00:00:00,277
264,708,278,Store,Contoso Ashgabat No.1 Store,On,2004-01-18,2090-12-31,901,521-555-0113,521-555-0113,Not Yet Closed,68,480,2009-06-16 00:00:00,278
265,717,279,Store,Contoso Islamabad No.1 Store,On,2004-02-09,2090-12-31,902,306-555-0186,306-555-0186,Not Yet Closed,71,480,2009-06-17 00:00:00,279
267,732,281,Store,Contoso Tokyo No.1 Store,On,2004-04-02,2090-12-31,904,539-555-0149,539-555-0149,Not Yet Closed,68,480,2009-06-17 00:00:00,281
268,732,281,Store,Contoso Tokyo No.2 Store,On,2006-04-19,2090-12-31,905,228-555-0159,228-555-0159,Not Yet Closed,68,480,2009-06-18 00:00:00,281
269,735,282,Store,Contoso Yokohama Store,On,2004-05-15,2090-12-31,906,151-555-0113,151-555-0113,Not Yet Closed,77,480,2009-06-17 00:00:00,282
270,724,283,Store,Contoso Osaka No.1 Store,On,2005-06-17,2090-12-31,907,295-555-0161,295-555-0161,Not Yet Closed,80,480,2009-06-18 00:00:00,283
271,722,284,Store,Contoso Nagoya Store,On,2008-08-18,2090-12-31,908,719-555-0181,719-555-0181,Not Yet Closed,50,480,2009-06-16 00:00:00,284
272,725,285,Store,Contoso Sapporo Store,On,2007-08-20,2090-12-31,909,125-555-0196,125-555-0196,Not Yet Closed,50,480,2009-06-17 00:00:00,285
273,719,286,Store,Contoso Kyoto Store,On,2009-09-02,2090-12-31,910,473-555-0117,473-555-0117,Not Yet Closed,50,480,2009-06-16 00:00:00,286
274,726,287,Store,Contoso Seoul Store,On,2008-10-13,2090-12-31,911,370-555-0163,370-555-0163,Not Yet Closed,50,480,2009-06-17 00:00:00,287
275,712,288,Store,Contoso Busan Store,On,2006-07-12,2090-12-31,912,465-555-0156,465-555-0156,Not Yet Closed,50,480,2009-06-18 00:00:00,288
276,711,289,Store,Contoso Bishkek Store,On,2006-08-13,2090-12-31,913,238-555-0197,238-555-0197,Not Yet Closed,50,480,2009-06-16 00:00:00,289
277,727,290,Store,Contoso Shanghai No.1 Store,On,2004-02-14,2090-12-31,849,708-555-0141,708-555-0141,Not Yet Closed,95,480,2009-06-18 00:00:00,290
278,733,291,Store,Contoso Urumqi Store,On,2005-07-15,2090-12-31,850,970-555-0138,970-555-0138,Not Yet Closed,50,480,2009-06-16 00:00:00,291
279,710,292,Store,Contoso Beijing Store,On,2008-07-16,2090-12-31,851,486-555-0150,486-555-0150,Not Yet Closed,86,480,2009-06-17 00:00:00,292
280,715,293,Store,Contoso Guangzhou Store,On,2009-07-17,2090-12-31,852,124-555-0114,124-555-0114,Not Yet Closed,131,480,2009-06-18 00:00:00,293
281,727,290,Store,Contoso Shanghai No.2 Store,On,2004-03-02,2090-12-31,853,716-555-0127,716-555-0127,Not Yet Closed,95,480,2009-06-18 00:00:00,290
282,903,214,Store,Contoso Ottawa No.1 Store,On,2004-04-09,2090-12-31,914,210-555-0193,210-555-0193,Not Yet Closed,95,480,2009-06-18 01:00:00,214
283,903,214,Store,Contoso Ottawa No.2 Store,On,2004-05-15,2090-12-31,915,210-555-0193,210-555-0193,Not Yet Closed,95,480,2009-06-18 02:00:00,214
284,942,215,Store,Contoso Toronto No.1 Store,On,2004-06-17,2090-12-31,916,210-555-0193,210-555-0193,Not Yet Closed,95,480,2009-06-18 03:00:00,215
285,942,215,Store,Contoso Toronto No.2 Store,On,2003-07-29,2090-12-31,917,257-555-0154,257-555-0154,Not Yet Closed,95,480,2009-06-18 04:00:00,215
286,942,215,Store,Contoso Toronto No.3 Store,On,2004-08-20,2090-12-31,918,883-555-0116,883-555-0116,Not Yet Closed,95,480,2009-06-18 05:00:00,215
287,881,216,Store,Contoso Montreal No.1 Store,On,2004-09-12,2090-12-31,919,517-555-0117,517-555-0117,Not Yet Closed,95,480,2009-06-18 06:00:00,216
288,881,216,Store,Contoso Montreal No.2 Store,On,2003-02-13,2090-12-31,920,922-555-0165,922-555-0165,Not Yet Closed,95,480,2009-06-18 07:00:00,216
289,562,217,Store,Contoso Vancouver  No.1 Store,On,2004-11-25,2090-12-31,921,664-555-0112,664-555-0112,Not Yet Closed,95,480,2009-06-18 08:00:00,217
290,562,217,Store,Contoso Vancouver  No.2 Store,On,2004-12-26,2090-12-31,922,340-555-0193,340-555-0193,Not Yet Closed,95,480,2009-06-18 09:00:00,217
291,598,218,Store,Contoso Calgary  Store,On,2004-05-27,2090-12-31,923,330-555-0120,330-555-0120,Not Yet Closed,95,480,2009-06-18 10:00:00,218
292,731,272,Store,Contoso Thimphu No.2 Store,On,2006-02-28,2090-12-31,924,185-555-0169,185-555-0169,Not Yet Closed,95,480,2009-06-18 11:00:00,272
293,716,273,Store,Contoso Hong Kong No.2 Store,On,2007-03-29,2090-12-31,925,740-555-0182,740-555-0182,Not Yet Closed,95,480,2009-06-18 12:00:00,273
294,730,274,Store,Contoso Tehran No.2 Store,On,2004-04-30,2090-12-31,926,775-555-0164,775-555-0164,Not Yet Closed,95,480,2009-06-18 13:00:00,274
295,714,275,Store,Contoso Damascus No.2 Store,On,2004-05-31,2090-12-31,927,1 (11) 500 555-,1 (11) 500 555,Not Yet Closed,95,480,2009-06-18 14:00:00,275
296,709,276,Store,Contoso Bangkok No.2 Store,On,2005-06-01,2090-12-31,928,1 (11) 500 555-,1 (11) 500 555,Not Yet Closed,95,480,2009-06-18 15:00:00,276
297,764,277,Store,Contoso Moscow  No.2 Store,On,2004-07-02,2090-12-31,929,615-555-0153,615-555-0153,Not Yet Closed,95,480,2009-06-18 16:00:00,277
298,708,278,Store,Contoso Ashgabat  No.2 Store,On,2006-11-06,2090-12-31,930,926-555-0182,926-555-0182,Not Yet Closed,95,480,2009-06-18 17:00:00,278
299,717,279,Store,Contoso Islamabad  No.2 Store,On,2007-12-07,2090-12-31,931,1 (11) 500 555-,1 (11) 500 555,Not Yet Closed,95,480,2009-06-18 18:00:00,279
300,558,294,Store,Contoso Sydney  No.2 Store,On,2004-03-18,2090-12-31,932,1 (11) 500 555-,1 (11) 500 555,Not Yet Closed,95,480,2009-06-18 19:00:00,294
301,724,283,Store,Contoso Osaka No.2 Store,On,2007-03-19,2090-12-31,933,380-558-0193,380-558-0193,Not Yet Closed,95,480,2009-06-18 20:00:00,283
302,729,24,Store,Contoso Taipei  Store,On,2004-07-19,2090-12-31,935,830-555-0128,830-555-0128,Not Yet Closed,95,480,2009-06-18 21:00:00,24
303,757,25,Store,Contoso Lisbon Store,On,2004-09-20,2090-12-31,936,290-666-8960,290-666-8960,Not Yet Closed,95,480,2009-06-18 22:00:00,25
304,772,14,Store,Contoso Saint Petersburg Store,On,2004-06-07,2090-12-31,942,510-555-0118,517-555-0118,Not Yet Closed,95,480,2009-06-19 00:00:00,14
305,768,15,Store,Contoso Nizhny Novgorod Store,On,2004-03-15,2090-12-31,944,511-555-0119,511-555-0119,Not Yet Closed,95,480,2009-06-20 00:00:00,15
306,586,246,Online,Contoso Europe Online Store,On,2004-09-03,2090-12-31,945,731-555-0117,731-555-0117,Not Yet Closed,7,1000,2009-06-18 00:00:00,246
307,710,292,Online,Contoso Asia Online Store,On,2004-10-11,2090-12-31,946,55-555-0117,55-555-0117,Not Yet Closed,8,93800,2009-06-18 00:00:00,292
308,693,35,Reseller,Contoso North America Reseller,On,2004-03-08,2090-12-31,947,55-555-0118,55-555-0118,Not Yet Closed,15,450,2008-06-05 00:00:00,35
309,529,233,Reseller,Contoso Europe Reseller,On,2004-05-07,2090-12-31,948,55-555-0119,55-555-0119,Not Yet Closed,12,551,2008-06-05 00:00:00,233
310,710,292,Reseller,Contoso Asia Reseller,On,2004-07-15,2090-12-31,949,55-555-0120,55-555-0120,Not Yet Closed,17,93800,2008-11-05 00:00:00,292
