RowID,ProductSubcategoryKey,ProductSubcategoryName,ProductCategoryKey,CategoryName,Supplier_Location,FirstStockedDate,UnitPriceGBP,StockQuantity,ActiveStatus,SupportTier,Notes,LegacyCode,BlankColumn
R-001,1,MP4&MP3,1,Audio,Contoso Wholesale | Oxford | UK,2021-01-01,£29.99,0,Y,Gold,,AUD-001,
R-002,2,Recorder,1,audio,Fabrikam Distribution | Reading | UK,14/02/2022,49.50 GBP,17,yes,Silver,,,
R-003,3,Radio,1,AUDIO ,Northwind Imports | London | UK,02/14/2022,"18,00",34,TRUE,Standard,,,
R-004,4,Recording Pen,1,Audio,Adventure Works | Manchester | UK,14-Feb-22,N/A,51,1,Gold,,,
R-005,5,Headphones,1,Audio,Contoso Wholesale | Oxford | UK,"February 14, 2022",,68,N,Silver,,,
R-006,6,Bluetooth Headphones,1,Audio,Fabrikam Distribution | Reading | UK,08/09/2023,89.99p,85,no,Standard,Featured; check promo eligibility,,
R-007,7,Speakers,1,Audio,Northwind Imports | London | UK,2023/09/08,120,12 units,FALSE,Gold,,,
R-008,8,Audio Accessories,1,Audio,Adventure Works | Manchester | UK,Sep 2023,12.5,ten,0,Silver,,,
R-009,9,Televisions,2,TV and Video,Contoso Wholesale | Oxford | UK,2024-09-09,499,,Yes,Standard,,,
R-010,10,VCD & DVD,2,TV and Video,Fabrikam Distribution | Reading | UK,44927,45,-4,Yes,Gold,,,
R-011,11,Home Theater System,2,TV and Video,Northwind Imports | London | UK,31/02/2024,650,N/A,Yes,Silver,Price pending confirmation,,
R-012,13,Car Video,2,TV and Video,Adventure Works | Manchester | UK,TBC,230, 34 ,Yes,Standard,,,
R-013,14,TV & Video Accessories,2,TV and Video,Contoso Wholesale | Oxford | UK,,22,83,Yes,Gold,,,
R-014,15,Laptops,3,Computers,Contoso Wholesale | Oxford | UK ,2024-02-14,899,100,Yes,gold,,PC-015,
R-015,16,Netbooks,3,Comptrs,Northwind Imports | London | UK,2025-03-15,249,117,Discontinued,Standard,End-of-life product range,,
R-016,17,Desktops,3,Computers,Adventure Works | Manchester | UK,2021-04-16,699,13,Yes, Premium ,,,
R-017,18,Monitors,3,COMPUTERS,Fabrikam Distribution|Reading|UK,2022-05-17,210,30,Yes,Silver,,,
R-018,19,Projectors & Screens,3,Computers,Fabrikam Distribution | Reading | UK,2023-06-18,480,47,Yes,Standard,,,
R-019,20,"Printers, Scanners & Fax",3,Computers,Northwind Imports | London | UK,2024-07-19,160,64,Yes,N/A,,,
R-020,21,Computer Setup & Service,3,Computers,Northwind Imports |  | UK,2025-08-20,95,81,Yes,Silver,"Service, not physical stock",,
R-021,22,Computers Accessories,3,Computers,Contoso Wholesale | Oxford | UK,2021-09-21,15,98,Yes,Standard,,,
R-022,23,Digital Cameras,4,Cameras,Adventure Works | Manchester,2022-10-22,320,115,No,Gold,,,
R-023,24,Digital SLR Cameras,4,Camera,Northwind Imports | London | UK,2023-11-23,740,11,Yes,Silver,,,
R-024,25,Film Cameras,4,Cameras,Adventure Works | Manchester | UK,2024-12-24,180,28,Unknown,Standard,Limited range,,
R-025,27,Camcorders,4,Cameras,Contoso Wholesale | Oxford | UK,2025-01-25,410,45,Yes,Gold,,,
R-026,28,Cameras & Camcorders Accessories,4,Cameras,,2021-02-26,28,62,Yes,,,,
R-027,29,Home & Office Phones,5,Mobile Phones,Northwind Imports | London | UK,2022-03-27,55,79,Yes,Standard,,,
R-028,31,Touch Screen Phones,5,Cell Phones,Adventure Works | Manchester | UK,2023-04-01,420,96,Yes,Gold,,,
R-029,32,Smart phones & PDAs,5,Cell Phones,Contoso Wholesale | OXFORD | United Kingdom,2024-05-02,610,113,No,Silver,,,
R-030,33,Cell phones Accessories,5,Cell Phones,Fabrikam Distribution | Reading | UK,2025-06-03,19,9,Yes,Standard,,,
R-031,34,Music CD,6,Music & Movies,Northwind Imports | London | UK,2021-07-04,11,26,Yes,Gold,,,
R-032,35,Movie DVD,6,Music and Movies,Adventure Works | Manchester | UK,2022-08-05,14,43,Yes,Silver,,,
R-033,36,Audio Books,6,Music and Movies,Contoso Wholesale | Oxford | UK,2023-09-06,16,60,,Standard,,,
R-034,38,Boxed Games,7,Games,Fabrikam Distribution | Reading | UK,2024-10-07,42,77,Yes,Gold,,,
R-035,39,Download Games,7,Games,Northwind Imports | London | UK,2025-11-08,38,94,Yes,Silver,Download only,,
R-036,40,Games Accessories,7,Games,Adventure Works | Manchester | UK,2021-12-09,25,111,No,Standard,,,
R-037,41,Washers & Dryers,8,Home Appliances,Contoso Wholesale | Oxford | UK,2022-01-10,560,7,Yes,Gold,,APP-041,
R-038,42,Refrigerators,8,Home Appliances,Fabrikam Distribution | Reading | UK,2023-02-11,980,24,Yes,standard,,,
R-039,43,Microwaves,8,Home appliances,Northwind Imports | London | UK,2024-03-12,85,41,Yes,Standard,,,
R-040,44,Water Heaters,8,Home Appliances,Adventure Works | Manchester | UK,2025-04-13,450,58,Yes,Gold,,,
R-041,45,Coffee Machines,8,Home Appliances,Contoso Wholesale | Oxford | UK,2021-05-14,130,75,Yes,Silver,,,
R-042,46,Lamps,8,,Fabrikam Distribution | Reading | UK,2022-06-15,30,92,Yes,Standard,,,
R-043,47,Air Conditioners,8,Home Appliances,Northwind Imports | London | UK,2023-07-16,720,109,No,Gold,,,
R-044,48,Fans,8,Home Appliances,Adventure Works | Manchester | UK,2024-08-17,45,5,Yes,SILVER,,,
R-006,6,Bluetooth Headphones,1,Audio,Fabrikam Distribution | Reading | UK,08/09/2023,89.99p,85,no,Standard,Featured; check promo eligibility,,
R-014,15,Laptops,3,Computers,Contoso Wholesale | Oxford | UK ,2024-02-14,899,100,Yes,gold,,PC-015,
R-037,41,Washers & Dryers,8,Home Appliances,Contoso Wholesale | Oxford | UK,2022-01-10,560,7,Yes,Gold,,APP-041,
R-009,9,Televisions,2,TV and Video,Contoso Wholesale | Oxford | UK,2024-09-09,499,,Yes,Standard,,,
R-050,9, televisions ,2,TV & Video,Northwind Imports | London | UK,01/05/2024,499.00,88,Y,Gold,Possible duplicate of key 9,,
R-051,31,Touchscreen Phones,05,Cell phones,Contoso Wholesale | Oxford | UK,5 January 2025,£420,unknown,YES,silver,Possible duplicate/name variant,,
,,,,,,,,,,,,,
 , ,   ,,, ,,,,,,,,
R-054,,,,,,,,,,,Imported from legacy system; investigate,,
